,날짜,종가,전일비,시가,고가,저가,거래량
0,2024.04.24,78600,3100,77500,78800,77200,21804564
1,2024.04.23,75500,-600,76400,76800,75500,18717699
2,2024.04.22,76100,-1500,77400,77500,75100,30469477
3,2024.04.19,77600,-2000,78300,78700,76300,31317563
4,2024.04.18,79600,700,78800,80100,78300,21370190
5,2024.04.17,78900,-1100,80700,80800,78900,22611631
6,2024.04.16,80000,-2200,81200,81300,79400,31949845
7,2024.04.15,82200,-1500,82900,83200,81200,26663772
8,2024.04.12,83700,-400,84700,84900,83200,17061770
9,2024.04.11,84100,500,83200,84700,82500,25538009
10,2024.04.09,83600,-900,84500,84900,83100,23725956
11,2024.04.08,84500,0,85200,86000,84500,18953232
12,2024.04.05,84500,-800,84500,85000,83800,18883752
13,2024.04.04,85300,1200,85200,85500,84300,25248934
14,2024.04.03,84100,-900,84300,85000,83500,30493347
15,2024.04.02,85000,3000,82900,85000,82900,37077944
16,2024.04.01,82000,-400,83200,83300,82000,20116513
17,2024.03.29,82400,1600,81200,82500,80900,27126366
18,2024.03.28,80800,1000,79400,81000,79200,25084812
19,2024.03.27,79800,-100,79200,80000,79200,17424595
20,2024.03.26,79900,1700,79700,80100,79200,30551494
21,2024.03.25,78200,-700,79600,79800,77800,18703996
22,2024.03.22,78900,-400,79600,79900,77800,26724761
23,2024.03.21,79300,2400,79200,79300,77700,44569799
24,2024.03.20,76900,4100,73700,77200,73400,50106297
25,2024.03.19,72800,0,72300,73000,71700,15376066
26,2024.03.18,72800,500,72600,73000,72500,11520348
27,2024.03.15,72300,-2000,73400,73700,72300,22580555
28,2024.03.14,74300,200,74400,74500,73600,22545539
29,2024.03.13,74100,800,73700,74100,73500,15243134
30,2024.03.12,73300,900,72600,73500,72100,13011654
31,2024.03.11,72400,-900,72900,73100,72300,9740504
32,2024.03.08,73300,1100,72800,73400,72600,19271349
33,2024.03.07,72200,-700,73100,73300,72200,14516963
34,2024.03.06,72900,-800,73200,73500,72700,21547905
35,2024.03.05,73700,-1200,74600,74800,73700,19505125
36,2024.03.04,74900,1500,74300,75000,74000,23210474
37,2024.02.29,73400,200,72600,73400,72000,21176403
38,2024.02.28,73200,300,72900,73900,72800,11795859
39,2024.02.27,72900,100,73100,73400,72700,13201981
40,2024.02.26,72800,-100,72300,73200,72200,14669352
41,2024.02.23,72900,-200,73600,74200,72900,16225166
42,2024.02.22,73100,100,73800,73900,72700,15208934
43,2024.02.21,73000,-300,73400,73700,72900,11503495
44,2024.02.20,73300,-500,73700,73700,72800,14681477
45,2024.02.19,73800,1000,72800,73900,72800,12726404
46,2024.02.16,72800,-200,73300,73400,72500,13444781
47,2024.02.15,73000,-1000,74200,74400,73000,14120600
48,2024.02.14,74000,-1200,73700,74300,73700,12434945
49,2024.02.13,75200,1100,74800,75200,74400,21966745
50,2024.02.08,74100,-900,75000,75200,73600,20810708
51,2024.02.07,75000,600,74600,75500,74300,16566445
52,2024.02.06,74400,100,74300,74700,73300,14559254
53,2024.02.05,74300,-900,74200,74800,73500,19026021
54,2024.02.02,75200,1600,74000,75200,73700,14955881
55,2024.02.01,73600,900,73000,74200,72900,19881033
56,2024.01.31,72700,-1600,73400,74000,72500,15703560
57,2024.01.30,74300,-100,75000,75300,73700,12244418
58,2024.01.29,74400,1000,73800,75200,73500,13976521
59,2024.01.26,73400,-700,73700,74500,73300,11160062
60,2024.01.25,74100,100,74200,74800,73700,11737747
61,2024.01.24,74000,-1200,75200,75200,73500,12860661
62,2024.01.23,75200,100,75700,75800,74300,14786224
63,2024.01.22,75100,400,75900,76000,75000,19673375
64,2024.01.19,74700,3000,73500,74700,73000,23363427
65,2024.01.18,71700,700,71600,72000,70700,17853397
66,2024.01.17,71000,-1600,73100,73300,71000,22683660
67,2024.01.16,72600,-1300,73500,73700,72500,14760415
68,2024.01.15,73900,800,73200,74000,73200,13212339
69,2024.01.12,73100,-100,73000,74100,72800,13038939
70,2024.01.11,73200,-400,72900,73600,72700,57691266
71,2024.01.10,73600,-1100,75000,75200,73200,20259529
72,2024.01.09,74700,-1800,77400,77700,74300,26019249
73,2024.01.08,76500,-100,77000,77500,76400,11088724
74,2024.01.05,76600,0,76700,77100,76400,11304316
75,2024.01.04,76600,-400,76100,77300,76100,15324439
76,2024.01.03,77000,-2600,78500,78800,77000,21753644
77,2024.01.02,79600,1100,78200,79800,78200,17142847
78,2023.12.28,78500,500,77700,78500,77500,17797536
79,2023.12.27,78000,1400,76700,78000,76500,20651042
80,2023.12.26,76600,700,76100,76700,75700,13164909
81,2023.12.22,75900,900,75800,76300,75400,14515608
82,2023.12.21,75000,200,74600,75000,74300,13478766
83,2023.12.20,74800,1400,74200,74900,73800,16870156
84,2023.12.19,73400,500,73000,73400,72800,8907632
85,2023.12.18,72900,-400,73300,73400,72800,9690551
86,2023.12.15,73300,200,73800,74000,73200,15419815
87,2023.12.14,73100,300,74100,74300,72500,27567593
88,2023.12.13,72800,-700,73300,73500,72800,13116766
89,2023.12.12,73500,500,73300,73500,73100,13758646
90,2023.12.11,73000,400,72800,73000,72200,9861960
91,2023.12.08,72600,1100,72100,72800,71900,10859463
92,2023.12.07,71500,-200,71800,71900,71100,8862017
93,2023.12.06,71700,500,71800,72100,71600,8123087
94,2023.12.05,71200,-1400,72300,72400,71200,12129682
95,2023.12.04,72600,600,72800,72900,72400,10229267
96,2023.12.01,72000,-800,72400,72500,71700,9871284
97,2023.11.30,72800,100,72700,72800,72200,15783714
98,2023.11.29,72700,0,72400,72800,72200,9283933
99,2023.11.28,72700,1400,71400,72700,71300,13283081
100,2023.11.27,71300,-400,71500,72100,71100,9113857
101,2023.11.24,71700,-700,72400,72600,71700,6676685
102,2023.11.23,72400,-400,73000,73200,72200,6775614
103,2023.11.22,72800,0,72200,73000,71900,11105143
104,2023.11.21,72800,100,73100,73400,72700,9712881
105,2023.11.20,72700,200,72100,73000,72100,10610157
106,2023.11.17,72500,-300,72300,73000,72300,11494644
107,2023.11.16,72800,600,72500,73000,72300,15860451
108,2023.11.15,72200,1400,71600,72200,71500,20148677
109,2023.11.14,70800,400,71000,71100,70600,9567984
110,2023.11.13,70400,-100,71300,71300,70300,9246919
111,2023.11.10,70500,200,70000,70500,69500,9684347
112,2023.11.09,70300,400,69900,70800,69600,12301373
113,2023.11.08,69900,-1000,71300,71400,69700,12901310
114,2023.11.07,70900,0,70600,70900,70000,17228731
115,2023.11.06,70900,1300,69800,70900,69300,22228489
116,2023.11.03,69600,-100,69700,70200,69500,10322234
117,2023.11.02,69700,1100,70000,70000,69400,16350031
118,2023.11.01,68600,1700,67500,68900,67300,13775256
119,2023.10.31,66900,-400,67600,68300,66900,14488892
120,2023.10.30,67300,0,66800,67800,66700,10139270
121,2023.10.27,67300,600,67100,67300,66700,11334726
122,2023.10.26,66700,-1300,67000,67900,66700,15517624
123,2023.10.25,68000,-500,68800,68800,67900,10610703
124,2023.10.24,68500,100,68700,68800,67700,12791710
125,2023.10.23,68400,-400,68700,69100,68200,11625959
126,2023.10.20,68800,-700,68900,69200,68100,15204495
127,2023.10.19,69500,-1000,69700,70000,69400,13985012
128,2023.10.18,70500,1100,68900,70500,68800,16493184
129,2023.10.17,69400,2100,67700,69900,67400,17299253
130,2023.10.16,67300,-700,67900,68500,66800,12599299
131,2023.10.13,68000,-900,68000,68500,67700,9724086
132,2023.10.12,68900,700,68600,69700,68200,19311380
133,2023.10.11,68200,1800,68600,69400,67900,25209349
134,2023.10.10,66400,400,66200,67600,66200,19889202
135,2023.10.06,66000,-700,67100,67300,66000,14386527
136,2023.10.05,66700,-800,67300,67400,66700,16108313
137,2023.10.04,67500,-900,67400,67700,66700,23361149
138,2023.09.27,68400,-200,68600,69100,68200,14886491
139,2023.09.26,68600,-800,70000,70000,68400,13143470
140,2023.09.25,69400,600,68500,69700,68500,13582516
141,2023.09.22,68800,-100,68300,68900,68300,9897840
142,2023.09.21,68900,-700,69200,69800,68800,10796336
143,2023.09.20,69600,-200,70000,70300,69500,10873015
144,2023.09.19,69800,-400,70400,70800,69600,11820188
145,2023.09.18,70200,-1800,71300,71700,70200,16040727
146,2023.09.15,72000,300,71700,72300,71400,17823512
147,2023.09.14,71700,800,71200,71800,70800,21041407
148,2023.09.13,70900,400,71100,71600,70300,15955797
149,2023.09.12,70500,-300,70800,71000,70400,11688599
150,2023.09.11,70800,500,70400,70800,70000,11785462
151,2023.09.08,70300,-100,70200,70300,69600,10688118
152,2023.09.07,70400,400,70000,70600,69600,13741241
153,2023.09.06,70000,-700,70700,70800,69700,11414620
154,2023.09.05,70700,-500,70900,71500,70200,12330239
155,2023.09.04,71200,200,72900,72900,70700,26286495
156,2023.09.01,71000,4100,66800,71000,66700,29738235
157,2023.08.31,66900,-200,67100,67200,66400,15964630
158,2023.08.30,67100,300,67300,67700,67100,9181223
159,2023.08.29,66800,0,66900,67200,66600,9114352
160,2023.08.28,66800,-300,66800,67000,66500,5824628
161,2023.08.25,67100,-1100,67100,67400,66900,7032462
162,2023.08.24,68200,1100,68300,68700,67900,15044463
163,2023.08.23,67100,500,66700,67100,66400,9549352
164,2023.08.22,66600,0,67200,67700,66300,10500242
165,2023.08.21,66600,300,66600,67100,66300,9720067
166,2023.08.18,66300,-400,66000,66700,65800,11745006
167,2023.08.17,66700,-300,66300,66800,66000,10778652
168,2023.08.16,67000,-300,66700,67100,66300,13174578
169,2023.08.14,67300,-200,67500,67900,66900,9352343
170,2023.08.11,67500,-500,68400,68800,67500,9781038
171,2023.08.10,68000,-900,68300,68500,67800,10227311
172,2023.08.09,68900,1300,68000,69600,67900,17259673
173,2023.08.08,67600,-900,69000,69100,67400,14664709
174,2023.08.07,68500,200,67700,69200,67600,10968505
175,2023.08.04,68300,-500,68800,69100,68200,12360193
176,2023.08.03,68800,-1100,69900,70200,68500,20087090
177,2023.08.02,69900,-1200,70700,71000,69800,13835020
178,2023.08.01,71100,1300,70100,71200,70000,12299254
179,2023.07.31,69800,-800,70900,71000,69800,13035420
180,2023.07.28,70600,-1100,71800,72400,70100,19420683
181,2023.07.27,71700,1900,69900,71700,69300,24261179
182,2023.07.26,69800,-200,69800,70600,68100,30016221
183,2023.07.25,70000,-400,70000,70500,69800,14314945
184,2023.07.24,70400,100,70100,70900,69900,13418597
185,2023.07.21,70300,-700,70400,70400,69400,16528926
186,2023.07.20,71000,-700,71100,71500,70800,9732730
187,2023.07.19,71700,-300,72700,72800,71300,10896412
188,2023.07.18,72000,-1300,73200,73500,72000,11697900
189,2023.07.17,73300,-100,73200,73500,72800,10060049
190,2023.07.14,73400,1500,72500,73400,72400,15882519
191,2023.07.13,71900,0,72400,72600,71900,14417279
192,2023.07.12,71900,400,71200,72000,71100,10375581
193,2023.07.11,71500,2000,70200,71500,70100,12177392
194,2023.07.10,69500,-400,70000,70400,69200,11713926
195,2023.07.07,69900,-1700,71100,71400,69800,17308877
196,2023.07.06,71600,-400,71900,72400,71500,14777667
197,2023.07.05,72000,-1000,73000,73300,71900,12310610
198,2023.07.04,73000,0,73400,73600,72900,10214350
199,2023.07.03,73000,800,72700,73200,72600,10722181
200,2023.06.30,72200,-200,72500,72700,71700,11694765
201,2023.06.29,72400,-300,73100,73400,72400,12229967
202,2023.06.28,72700,100,72600,72700,72000,8783093
203,2023.06.27,72600,200,72500,72600,72000,9442997
204,2023.06.26,72400,800,71700,72500,71500,10541901
205,2023.06.23,71600,300,72000,72200,71600,12329484
206,2023.06.22,71300,800,70200,71500,70100,11411007
207,2023.06.21,70500,-900,70700,71200,70400,10626603
208,2023.06.20,71400,200,70700,71400,70400,11557883
209,2023.06.19,71200,-600,71300,71700,70900,11100887
210,2023.06.16,71800,300,71800,71900,70900,15373696
211,2023.06.15,71500,-400,72100,72300,71300,13614994
212,2023.06.14,71900,-100,72100,72200,71100,12541046
213,2023.06.13,72000,1000,71700,72200,71600,13227285
214,2023.06.12,71000,-1000,72100,72400,70800,12064287
215,2023.06.09,72000,1100,71100,72300,70800,15050209
216,2023.06.08,70900,-100,70400,70900,70000,19165568
217,2023.06.07,71000,-700,71300,71600,70800,14796613
218,2023.06.05,71700,-500,72700,72700,71400,12686829
219,2023.06.02,72200,1300,71700,72200,71600,12161798
220,2023.06.01,70900,-500,70900,71600,70600,14669296
221,2023.05.31,71400,-900,72400,72500,71000,25666087
222,2023.05.30,72300,2000,71300,72300,71200,27476897
223,2023.05.26,70300,1500,69800,70400,69500,19549511
224,2023.05.25,68800,300,69900,70000,68700,14231160
225,2023.05.24,68500,100,68100,68700,68000,8192896
226,2023.05.23,68400,-100,68500,68700,68100,8561643
227,2023.05.22,68500,100,68400,69000,68000,14470308
228,2023.05.19,68400,2200,67800,68400,67500,20349345
229,2023.05.18,66200,1200,66000,66200,65700,14431704
230,2023.05.17,65000,-400,65900,65900,64800,10745504
231,2023.05.16,65400,900,65800,65900,65300,12334657
232,2023.05.15,64500,400,64100,64600,63900,8172021
233,2023.05.12,64100,-100,63700,64600,63600,8693913
234,2023.05.11,64200,-400,64700,65100,64200,11648905
235,2023.05.10,64600,-700,65500,65500,64300,13057727
236,2023.05.09,65300,-600,65800,65800,65100,9366861
237,2023.05.08,65900,800,66300,66300,65400,9405365
238,2023.05.04,65100,-300,65600,65700,64700,9791064
239,2023.05.03,65400,-300,65100,65600,64900,8876749
240,2023.05.02,65700,200,66000,66300,65100,14396948
241,2023.04.28,65500,900,65200,65900,65000,19699481
242,2023.04.27,64600,500,64100,65000,63300,14779601
243,2023.04.26,64100,500,63600,64300,63300,12664541
244,2023.04.25,63600,-1600,65300,65400,63400,16193271
245,2023.04.24,65200,-500,65300,65700,64800,12986581
246,2023.04.21,65700,400,65800,65900,65400,10538622
247,2023.04.20,65300,-200,65100,65300,64600,9501169
248,2023.04.19,65500,-100,65500,65800,65300,10255985
249,2023.04.18,65600,300,65900,66000,64800,14802060
250,2023.04.17,65300,200,65000,65600,64700,13486618
251,2023.04.14,65100,-1000,66600,66600,65000,16176490
252,2023.04.13,66100,100,65600,66100,65400,15091022
253,2023.04.12,66000,100,65800,66200,65300,15021313
254,2023.04.11,65900,200,66200,66200,65400,16323183
255,2023.04.10,65700,700,64800,66300,64700,18777166
256,2023.04.07,65000,2700,63800,65200,63800,27476120
257,2023.04.06,62300,-1600,63500,63600,62300,14992747
258,2023.04.05,63900,300,63700,64000,63400,9176149
259,2023.04.04,63600,500,63400,63800,62800,11120514
260,2023.04.03,63100,-900,64000,64000,63000,11973133
261,2023.03.31,64000,800,64000,64000,63700,14094479
262,2023.03.30,63200,500,63700,63700,63100,15684377
263,2023.03.29,62700,-200,62500,62700,62200,11216008
264,2023.03.28,62900,800,62400,62900,62100,11614118
265,2023.03.27,62100,-900,62600,62800,62000,11039331
266,2023.03.24,63000,700,62700,63300,62300,18278602
267,2023.03.23,62300,1200,60600,62300,60600,15381057
268,2023.03.22,61100,800,61000,61200,60500,8978591
269,2023.03.21,60300,100,60500,60700,60100,8318514
270,2023.03.20,60200,-1100,61100,61200,60200,9618009
271,2023.03.17,61300,1400,60800,61300,60600,14090110
272,2023.03.16,59900,100,59200,60200,59100,10611939
273,2023.03.15,59800,800,60000,60300,59600,10482149
274,2023.03.14,59000,-1000,59400,59500,59000,12147346
275,2023.03.13,60000,500,59900,60200,59300,12779724
276,2023.03.10,59500,-600,59500,59700,59100,11902471
277,2023.03.09,60100,-200,60500,60800,59900,14334499
278,2023.03.08,60300,-400,60100,60500,59900,14161857
279,2023.03.07,60700,-800,61400,61400,60700,11473280
280,2023.03.06,61500,1000,61100,61600,60800,13630602
281,2023.03.03,60500,-300,61000,61200,60500,10711405
282,2023.03.02,60800,200,60900,61800,60500,13095682
283,2023.02.28,60600,100,60800,61400,60500,13715861
284,2023.02.27,60500,-800,60800,60800,60200,11155697
285,2023.02.24,61300,-700,62300,62600,61300,10308143
286,2023.02.23,62000,900,61700,62500,61500,13047099
287,2023.02.22,61100,-1000,61500,61800,61000,11959088
288,2023.02.21,62100,-600,62700,62800,62000,7665046
289,2023.02.20,62700,100,62900,63000,61800,12908073
290,2023.02.17,62600,-1100,62900,63300,62400,10791265
291,2023.02.16,63700,1500,62500,63700,62400,13798831
292,2023.02.15,62200,-1000,63900,63900,62000,13208103
293,2023.02.14,63200,300,63600,63900,63200,9126664
294,2023.02.13,62900,100,62900,63000,62300,10730362
295,2023.02.10,62800,-200,62600,63000,62400,9382576
296,2023.02.09,63000,-100,63000,63300,62300,12164865
297,2023.02.08,63100,1200,62800,63300,62400,12243125
298,2023.02.07,61900,300,61900,62500,61600,14491039
299,2023.02.06,61600,-2200,62800,63000,61600,15529356
300,2023.02.03,63800,300,63900,64000,63000,15194598
301,2023.02.02,63500,1700,63200,63900,62600,23285983
302,2023.02.01,61800,800,62600,62700,61000,18570133
303,2023.01.31,61000,-2300,63500,63700,61000,29746731
304,2023.01.30,63300,-1300,64900,64900,63100,20995234
305,2023.01.27,64600,700,64400,65000,63900,18760182
306,2023.01.26,63900,500,63800,63900,63300,13278277
307,2023.01.25,63400,1600,63500,63700,63000,16822710
308,2023.01.20,61800,300,62100,62300,61100,9646327
309,2023.01.19,61500,1100,60500,61500,60400,12808490
310,2023.01.18,60400,-600,60700,61000,59900,11584041
311,2023.01.17,61000,-100,61200,61500,60600,9831456
312,2023.01.16,61100,300,61300,61600,60800,10039972
313,2023.01.13,60800,300,60500,61200,60400,12510328
314,2023.01.12,60500,0,61100,61200,59900,16102561
315,2023.01.11,60500,100,61000,61200,60300,12310751
316,2023.01.10,60400,-300,60200,61100,59900,14859797
317,2023.01.09,60700,1700,59700,60700,59600,18640107
318,2023.01.06,59000,800,58300,59400,57900,17334989
319,2023.01.05,58200,400,58200,58800,57600,15682826
320,2023.01.04,57800,2400,55700,58000,55600,20188071
321,2023.01.03,55400,-100,55400,56000,54500,13547030
322,2023.01.02,55500,200,55500,56100,55200,10031448
323,2022.12.29,55300,-1300,56000,56200,55300,11295935
324,2022.12.28,56600,-1500,57600,57600,56400,14665410
325,2022.12.27,58100,200,58000,58400,57900,10667027
326,2022.12.26,57900,-200,58000,58100,57700,6756411
327,2022.12.23,58100,-1000,58200,58400,57700,9829407
328,2022.12.22,59100,1100,58100,59100,58100,10720630
329,2022.12.21,58000,-600,58700,59100,58000,10356971
330,2022.12.20,58600,-900,59000,59100,58500,9284761
331,2022.12.19,59500,0,59500,59900,59100,7696187
332,2022.12.16,59500,200,58300,59500,58300,13033596
333,2022.12.15,59300,-1200,59800,60200,59300,8716039
334,2022.12.14,60500,800,59800,60600,59800,8207485
335,2022.12.13,59700,200,59600,60300,59400,9040873
336,2022.12.12,59500,-900,59900,60000,59400,9036472
337,2022.12.09,60400,1200,59300,60600,59300,10529632
338,2022.12.08,59200,300,58700,59200,58600,12986815
339,2022.12.07,58900,-300,58800,59600,58500,12100662
340,2022.12.06,59200,-1100,59800,60100,59200,13888300
341,2022.12.05,60300,-100,60900,61100,60000,13767787
342,2022.12.02,60400,-2200,62500,62500,60400,15331184
343,2022.12.01,62600,400,63100,63200,62300,16631445
344,2022.11.30,62200,1600,60400,62200,60200,19768903
345,2022.11.29,60600,500,59900,60600,59800,7014160
346,2022.11.28,60100,-900,60500,60500,59800,8589032
347,2022.11.25,61000,-400,61400,61700,60800,6677933
348,2022.11.24,61400,400,61200,61700,60900,8125010
349,2022.11.23,61000,400,61200,61300,60700,8765050
350,2022.11.22,60600,-800,60900,61200,60300,9411289
351,2022.11.21,61400,-400,61400,61800,60800,9378097
352,2022.11.18,61800,400,61800,62400,61400,12236503
353,2022.11.17,61400,-1300,62000,62000,61300,13298296
354,2022.11.16,62700,300,62400,62700,61700,12909260
355,2022.11.15,62400,500,62200,62500,61600,12310986
356,2022.11.14,61900,-1000,62900,62900,61700,15973416
357,2022.11.11,62900,2500,63100,63200,62300,20037163
358,2022.11.10,60400,-1600,61400,61500,60400,21087633
359,2022.11.09,62000,200,62000,62200,61300,14045592
360,2022.11.08,61800,1600,60500,61900,60500,18273898
361,2022.11.07,60200,800,59700,60300,59400,12437246
362,2022.11.04,59400,200,59100,59500,58400,12445841
363,2022.11.03,59200,-400,58600,59800,58100,17492162
364,2022.11.02,59600,-400,59700,60000,59300,13202919
365,2022.11.01,60000,600,59900,60300,59500,17201647
366,2022.10.31,59400,2100,58100,59900,58000,18999514
367,2022.10.28,57300,-2200,58900,59200,57200,20924937
368,2022.10.27,59500,100,59700,60100,58900,21756712
369,2022.10.26,59400,1700,58000,59600,57700,20824967
370,2022.10.25,57700,200,57000,58600,57000,17405678
371,2022.10.24,57500,1600,57000,57500,56700,16944503
372,2022.10.21,55900,400,55100,56300,55100,11456060
373,2022.10.20,55500,-300,55200,56000,55100,17107653
374,2022.10.19,55800,-700,56700,56900,55700,12660652
375,2022.10.18,56500,-100,56700,57100,55800,14820702
376,2022.10.17,56600,300,55800,57000,55700,13641878
377,2022.10.14,56300,1100,56200,56500,55800,12924326
378,2022.10.13,55200,-600,55400,56100,55200,13784602
379,2022.10.12,55800,400,55700,57000,55200,18408910
380,2022.10.11,55400,-800,54400,55700,54000,21437877
381,2022.10.07,56200,-100,55900,56900,55200,16886813
382,2022.10.06,56300,300,56700,57300,56300,14944446
383,2022.10.05,56000,800,56900,57200,55400,22458970
384,2022.10.04,55200,2100,55300,55400,54500,19148435
385,2022.09.30,53100,500,52300,53600,51800,22503249
386,2022.09.29,52600,-300,53300,53700,52600,13882080
387,2022.09.28,52900,-1300,53900,54400,52500,19991129
388,2022.09.27,54200,300,53800,54200,53500,16631289
389,2022.09.26,53900,-600,53700,54200,53600,15008449
390,2022.09.23,54500,100,54400,54900,54200,10555964
391,2022.09.22,54400,-900,54600,54700,54300,12786510
392,2022.09.21,55300,-500,55400,55500,55000,11863700
393,2022.09.20,55800,-600,56400,57000,55800,14041465
394,2022.09.19,56400,200,56300,57000,56000,12278653
395,2022.09.16,56200,200,55600,56400,55500,13456503
396,2022.09.15,56000,-800,57000,57100,56000,11664819
397,2022.09.14,56800,-1300,56200,57200,56100,12524961
398,2022.09.13,58100,2500,57000,58500,56800,17166581
399,2022.09.08,55600,-400,56200,56400,55600,18000016
400,2022.09.07,56000,-1100,56700,56700,55900,17384854
401,2022.09.06,57100,0,57200,57600,56900,7503086
402,2022.09.05,57100,-400,57400,57800,56800,11425977
403,2022.09.02,57500,-900,58300,58600,57500,15040310
404,2022.09.01,58400,-1300,58700,58900,58300,14905777
405,2022.08.31,59700,900,58200,59900,58200,14203512
406,2022.08.30,58800,200,58700,59000,58300,9690044
407,2022.08.29,58600,-1400,58700,58900,58600,9841329
408,2022.08.26,60000,300,60300,60900,59900,9499995
409,2022.08.25,59700,700,59200,59700,59000,5767902
410,2022.08.24,59000,-100,59200,59500,59000,8888486
411,2022.08.23,59100,-900,59000,59600,59000,9041629
412,2022.08.22,60000,-900,60300,60400,59800,8259865
413,2022.08.19,60900,-600,61400,61600,60600,6923679
414,2022.08.18,61500,1100,60300,61900,60000,16372754
415,2022.08.17,60400,-600,61100,61200,60300,9061518
416,2022.08.16,61000,800,60500,61600,60300,15036727
417,2022.08.12,60200,300,59500,60700,59400,10786658
418,2022.08.11,59900,800,59600,60000,59300,15141941
419,2022.08.10,59100,-900,58900,59200,58600,18084349
420,2022.08.09,60000,-800,60600,60700,59600,18251170
421,2022.08.08,60800,-700,61400,61400,60600,11313150
422,2022.08.05,61500,0,61700,61900,61200,9567620
423,2022.08.04,61500,200,61700,61800,61200,9125439
424,2022.08.03,61300,-400,61600,61600,61000,10053861
425,2022.08.02,61700,400,61200,61900,61000,13614895
426,2022.08.01,61300,-100,61000,61700,60300,13154816
427,2022.07.29,61400,-500,62400,62600,61300,15093120
428,2022.07.28,61900,100,62300,62600,61600,10745302
429,2022.07.27,61800,100,61300,61900,61200,7320997
430,2022.07.26,61700,600,60800,61900,60800,6597211
431,2022.07.25,61100,-200,60900,61900,60800,9193681
432,2022.07.22,61300,-500,61800,62200,61200,10261310
433,2022.07.21,61800,1300,61100,61900,60700,12291374
434,2022.07.20,60500,-400,61800,62100,60500,16782238
435,2022.07.19,60900,-1000,61400,61500,60200,15248261
436,2022.07.18,61900,1900,60600,62000,60500,20832517
437,2022.07.15,60000,2500,58400,60000,58100,18685583
438,2022.07.14,57500,-500,57500,58200,57400,15067012
439,2022.07.13,58000,-100,58300,58600,58000,10841315
440,2022.07.12,58100,-700,58600,58700,58100,9336061
441,2022.07.11,58800,100,59300,59600,58700,13042624
442,2022.07.08,58700,500,58600,59300,58200,15339271
443,2022.07.07,58200,1800,56400,58700,56300,21322833
444,2022.07.06,56400,-800,57300,57300,56400,16820461
445,2022.07.05,57200,100,57600,58200,57200,14216539
446,2022.07.04,57100,900,56100,57400,55700,17807126
447,2022.07.01,56200,-800,56900,57500,55900,24982097
448,2022.06.30,57000,-1000,57200,57600,57000,18915142
449,2022.06.29,58000,-1400,58500,58800,58000,14677138
450,2022.06.28,59400,600,59200,59500,58700,13540538
451,2022.06.27,58800,400,59000,59900,58300,18122236
452,2022.06.24,58400,1000,57900,59100,57700,23256103
453,2022.06.23,57400,-200,57700,58000,56800,28338608
454,2022.06.22,57600,-900,59000,59100,57600,23334687
455,2022.06.21,58500,-200,58700,59200,58200,25148109
456,2022.06.20,58700,-1100,59800,59900,58100,34111306
457,2022.06.17,59800,-1100,59400,59900,59400,29053450
458,2022.06.16,60900,200,61300,61800,60500,23394895
459,2022.06.15,60700,-1200,61300,61500,60200,26811224
460,2022.06.14,61900,-200,61200,62200,61100,24606419
461,2022.06.13,62100,-1700,62400,62800,62100,22157816
462,2022.06.10,63800,-1400,64000,64400,63800,22193552
463,2022.06.09,65200,-100,65100,65200,64500,25790725
464,2022.06.08,65300,-200,65400,65700,65300,12483180
465,2022.06.07,65500,-1300,66200,66400,65400,19355755
466,2022.06.03,66800,100,67200,67300,66800,8222883
467,2022.06.02,66700,-700,66600,67000,66400,14959443
468,2022.05.31,67400,-300,67500,67500,66700,24365002
469,2022.05.30,67700,1200,67500,67800,66900,14255484
470,2022.05.27,66500,600,66700,66900,66200,11405555
471,2022.05.26,65900,-500,66300,67200,65500,15970890
472,2022.05.25,66400,-100,66700,67100,65900,15150490
473,2022.05.24,66500,-1400,67500,67700,66500,15482576
474,2022.05.23,67900,-100,68800,68800,67600,13684088
475,2022.05.20,68000,500,67800,68400,67700,12109671
476,2022.05.19,67500,-600,66500,67600,66500,17073727
477,2022.05.18,68100,500,68300,68700,67600,16486319
478,2022.05.17,67600,1300,66600,67900,66600,15680447
479,2022.05.16,66300,-200,67100,67400,66100,11937555
480,2022.05.13,66500,1600,65300,66700,65200,14551536
481,2022.05.12,64900,-800,65200,65500,64900,16414188
482,2022.05.11,65700,0,65500,66300,65200,12330920
483,2022.05.10,65700,-400,65900,66300,65300,17235605
484,2022.05.09,66100,-400,66300,66900,66100,11858736
485,2022.05.06,66500,-1400,67000,67100,66500,14356156
486,2022.05.04,67900,400,68000,68400,67500,11505248
487,2022.05.03,67500,200,67400,68400,67300,14168875
488,2022.05.02,67300,-100,66600,67600,66500,14106184
489,2022.04.29,67400,2600,65100,67600,65000,26190390
490,2022.04.28,64800,-200,65400,65500,64500,16895527
491,2022.04.27,65000,-1100,65400,65500,64900,18122084
492,2022.04.26,66100,-200,66400,66700,66100,12946923
493,2022.04.25,66300,-700,66500,66700,66300,11016474
494,2022.04.22,67000,-700,67200,67300,66700,11791478
495,2022.04.21,67700,300,67600,68300,67500,12847448
496,2022.04.20,67400,100,67000,67400,66500,16693293
497,2022.04.19,67300,600,67100,68000,67000,12959434
498,2022.04.18,66700,100,66500,67100,66100,10119203
499,2022.04.15,66600,-900,67200,67300,66500,13176415
500,2022.04.14,67500,-1200,68700,68700,67500,16409494
501,2022.04.13,68700,1700,67300,69000,67200,17378619
502,2022.04.12,67000,-900,67600,67700,67000,13924389
503,2022.04.11,67900,100,67800,68100,67400,12263735
504,2022.04.08,67800,-200,68100,68300,67700,15453191
505,2022.04.07,68000,-500,68500,68500,68000,20683327
506,2022.04.06,68500,-700,68600,68800,68500,15517308
507,2022.04.05,69200,-100,69400,69600,69100,8467248
508,2022.04.04,69300,200,68900,69300,68600,11107905
509,2022.04.01,69100,-500,69500,69500,69000,15916846
510,2022.03.31,69600,-300,69900,70200,69600,12510366
511,2022.03.30,69900,-300,70300,70500,69800,12670187
512,2022.03.29,70200,500,70000,70300,69800,13686208
513,2022.03.28,69700,-100,69500,69900,69200,12619289
514,2022.03.25,69800,0,70100,70200,69600,12986010
515,2022.03.24,69800,-700,69600,70300,69600,37943357
516,2022.03.23,70500,200,70600,71200,70300,12398025
517,2022.03.22,70300,400,69900,70500,69900,9402666
518,2022.03.21,69900,-800,70900,71000,69900,11169002
519,2022.03.18,70700,-500,70600,70900,70200,14410038
520,2022.03.17,71200,800,71200,71800,70900,17646315
521,2022.03.16,70400,900,70200,70500,69700,10175750
522,2022.03.15,69500,-700,69800,70100,69500,10258562
523,2022.03.14,70200,200,70000,70200,69600,9040993
524,2022.03.11,70000,-1200,70500,70700,69700,15787655
525,2022.03.10,71200,1700,70800,71200,70500,21159248
526,2022.03.08,69500,-600,68800,70000,68700,15828269
527,2022.03.07,70100,-1400,70000,70600,69900,18617138
528,2022.03.04,71500,-1400,72700,72700,71200,13409634
529,2022.03.03,72900,1200,72300,73100,72200,13232638
530,2022.03.02,71700,-400,72300,72400,71500,12481430
531,2022.02.28,72100,200,71100,72100,71000,17781783
532,2022.02.25,71900,400,72100,72600,71900,13168484
533,2022.02.24,71500,-1500,72300,72300,71300,15759283
534,2022.02.23,73000,-400,73800,73800,72800,10397964
535,2022.02.22,73400,-800,73000,73400,72800,11692469
536,2022.02.21,74200,-100,73200,74300,72600,10489717
537,2022.02.18,74300,-700,74600,74800,73700,10122226
538,2022.02.17,75000,200,75000,75600,74500,13605382
539,2022.02.16,74800,1100,74600,74900,74200,10767386
540,2022.02.15,73700,0,74100,74200,73100,9320365
541,2022.02.14,73700,-1200,74400,74500,73100,13993255
542,2022.02.11,74900,-500,75000,75500,74600,12205407
543,2022.02.10,75400,700,75600,75800,74700,17746033
544,2022.02.09,74700,1200,74300,74700,74000,9699122
545,2022.02.08,73500,500,73800,74200,73000,11736666
546,2022.02.07,73000,-1000,73500,73600,72400,14240838
547,2022.02.04,74000,700,74300,74600,73400,12730034
548,2022.02.03,73300,0,74900,74900,73300,17744721
549,2022.01.28,73300,2000,71300,73700,71200,21367447
550,2022.01.27,71300,-2000,73800,74000,71300,22274777
551,2022.01.26,73300,-700,73900,74400,73100,12976730
552,2022.01.25,74000,-1100,74800,75000,73200,17766704
553,2022.01.24,75100,-500,75400,75800,74700,13691134
554,2022.01.21,75600,-900,75800,75800,74700,15774888
555,2022.01.20,76500,200,76200,76700,75900,9708168
556,2022.01.19,76300,-700,76500,76900,76100,10598290
557,2022.01.18,77000,-500,77600,77800,76600,9592788
558,2022.01.17,77500,200,77600,77800,76900,8785122
559,2022.01.14,77300,-600,77700,78100,77100,10096725
560,2022.01.13,77900,-1000,79300,79300,77900,13889401
561,2022.01.12,78900,0,79500,79600,78600,11000502
562,2022.01.11,78900,900,78400,79000,78000,13221123
563,2022.01.10,78000,-300,78100,78100,77100,9947422
564,2022.01.07,78300,1400,78100,78400,77400,15163757
565,2022.01.06,76900,-500,76700,77600,76600,12931954
566,2022.01.05,77400,-1300,78800,79000,76400,25470640
567,2022.01.04,78700,100,78800,79200,78300,12427416
568,2022.01.03,78600,300,79400,79800,78200,13502112
569,2021.12.30,78300,-500,78900,79500,78100,14236700
570,2021.12.29,78800,-1500,80200,80200,78500,19794795
571,2021.12.28,80300,100,80200,80400,79700,18226325
572,2021.12.27,80200,-300,80600,80600,79800,10783368
573,2021.12.24,80500,600,80200,80800,80200,12086380
574,2021.12.23,79900,500,79800,80000,79300,13577498
575,2021.12.22,79400,1300,78900,79400,78800,17105892
576,2021.12.21,78100,1000,77900,78300,77500,14245298
577,2021.12.20,77100,-900,77600,77800,76800,11264375
578,2021.12.17,78000,200,76800,78000,76800,13108479
579,2021.12.16,77800,200,78500,78500,77400,11996128
580,2021.12.15,77600,600,76400,77600,76300,9584939
581,2021.12.14,77000,200,76500,77200,76200,10976660
582,2021.12.13,76800,-100,77200,78300,76500,15038750
583,2021.12.10,76900,-1300,77400,77600,76800,9155219
584,2021.12.09,78200,800,77400,78200,77000,21604528
585,2021.12.08,77400,0,78300,78600,77100,21558340
586,2021.12.07,77400,1100,76100,77700,75600,19232453
587,2021.12.06,76300,700,75100,76700,74900,16391250
588,2021.12.03,75600,-200,75600,76000,74100,18330240
589,2021.12.02,75800,1400,73900,75800,73800,23652940
590,2021.12.01,74400,3100,72000,74800,71600,21954856
591,2021.11.30,71300,-1000,73200,73900,70500,30364841
592,2021.11.29,72300,0,71700,73000,71400,16682559
593,2021.11.26,72300,-1400,73500,74100,72000,13002242
594,2021.11.25,73700,-1100,75100,75100,73600,12559258
595,2021.11.24,74800,-500,76000,76200,74100,15652305
596,2021.11.23,75300,400,76000,76000,74500,22029195
597,2021.11.22,74900,3700,73300,75200,73000,27506623
598,2021.11.19,71200,1000,70400,71400,70100,11954728
599,2021.11.18,70200,-500,70700,71000,70200,10144957
600,2021.11.17,70700,-600,71300,71600,70600,11027606
601,2021.11.16,71300,-100,71500,72000,71300,10919239
602,2021.11.15,71400,800,71700,71900,70900,12420710
603,2021.11.12,70600,700,70200,70900,69900,10087450
604,2021.11.11,69900,-300,69900,70000,69600,11489122
605,2021.11.10,70200,-300,70300,70900,70200,9422009
606,2021.11.09,70500,-100,70300,71000,70100,11159589
607,2021.11.08,70600,400,70400,70600,69800,11121981
608,2021.11.05,70200,-400,71600,71600,70200,12667743
609,2021.11.04,70600,200,71200,71600,70500,11818987
610,2021.11.03,70400,-1100,71700,71700,70100,12770428
611,2021.11.02,71500,1600,70800,72200,70700,16812570
612,2021.11.01,69900,100,70200,70600,69900,11503729
613,2021.10.29,69800,-900,71200,71600,69700,17016151
614,2021.10.28,70700,600,69500,72200,69500,20644902
615,2021.10.27,70100,-1000,71000,71000,70000,10295316
616,2021.10.26,71100,900,70600,71500,70400,10528252
617,2021.10.25,70200,-200,69900,70600,69500,10029621
618,2021.10.22,70400,200,70000,70700,70000,8395448
619,2021.10.21,70200,-100,70300,70600,70000,10891094
620,2021.10.20,70300,-300,70700,71000,70200,10151638
621,2021.10.19,70600,400,70800,71000,70400,9507991
622,2021.10.18,70200,100,70200,70300,69200,13486391
623,2021.10.15,70100,700,70200,71000,70000,18051612
624,2021.10.14,69400,600,69000,69800,68800,19520641
625,2021.10.13,68800,-200,68700,69600,68300,24172015
626,2021.10.12,69000,-2500,70700,70900,68700,31001484
627,2021.10.08,71500,-100,72300,72400,71500,14043287
628,2021.10.07,71600,300,71600,72100,71300,13683532
629,2021.10.06,71300,-900,72600,72800,71200,18956962
630,2021.10.05,72200,-1000,73000,73000,71400,24013921
631,2021.10.01,73200,-900,73900,74000,72900,15803395
632,2021.09.30,74100,0,74300,74800,73700,19919361
633,2021.09.29,74100,-2200,74800,75300,73800,23992458
634,2021.09.28,76300,-1400,77700,77800,76200,15406382
635,2021.09.27,77700,400,77300,77700,77000,11699798
636,2021.09.24,77300,-100,77600,77700,77100,12247274
637,2021.09.23,77400,200,77500,77600,76800,17055590
638,2021.09.17,77200,1100,76300,77200,75900,16289502
639,2021.09.16,76100,-900,77300,77400,76100,13067622
640,2021.09.15,77000,400,77400,77400,76400,12829128
641,2021.09.14,76600,300,77100,77700,76600,18167057
642,2021.09.13,76300,1000,75200,76300,75100,11397775
643,2021.09.10,75300,0,75300,75600,74800,10103212
644,2021.09.09,75300,-1000,76400,76600,75000,17600770
645,2021.09.08,76300,200,76000,76400,75600,11798147
646,2021.09.07,76100,-1200,77100,77100,75900,13239401
647,2021.09.06,77300,700,76800,77600,76600,12861180
648,2021.09.03,76600,600,76400,76700,76000,12096419
649,2021.09.02,76000,-800,76800,76800,75700,15347486
650,2021.09.01,76800,100,76700,77100,75900,16114775
651,2021.08.31,76700,2100,74900,76700,74300,24630370
652,2021.08.30,74600,300,75400,75500,74200,12686999
653,2021.08.27,74300,-300,74300,75000,73800,15172748
654,2021.08.26,74600,-1100,76100,76200,74600,16671494
655,2021.08.25,75700,100,76200,76600,74900,22319664
656,2021.08.24,75600,2300,73900,75700,73900,21016913
657,2021.08.23,73300,600,73300,74000,73000,19384648
658,2021.08.20,72700,-400,73500,73900,72500,22364803
659,2021.08.19,73100,-800,73500,74400,73100,22166298
660,2021.08.18,73900,-300,73900,74600,73100,29192631
661,2021.08.17,74200,-200,74000,75100,74000,30944847
662,2021.08.13,74400,-2600,75800,76000,74100,61270643
663,2021.08.12,77000,-1500,77100,78200,76900,42365223
664,2021.08.11,78500,-1700,79600,79800,78500,30241137
665,2021.08.10,80200,-1300,82300,82400,80100,20362639
666,2021.08.09,81500,0,81500,82300,80900,15522581
667,2021.08.06,81500,-600,81900,82500,81300,13342623
668,2021.08.05,82100,-800,83300,83300,82000,18485469
669,2021.08.04,82900,1500,82200,83100,81800,25642368
670,2021.08.03,81400,2100,79400,81400,79300,24339360
671,2021.08.02,79300,800,79200,79500,78700,11739124
672,2021.07.30,78500,-500,78900,78900,78500,13823411
673,2021.07.29,79000,-200,78800,79400,78800,14360453
674,2021.07.28,79200,700,78300,79200,78100,12743417
675,2021.07.27,78500,-300,79200,79400,78500,11427693
676,2021.07.26,78800,-500,79400,79500,78800,10040975
677,2021.07.23,79300,-400,79700,79900,79200,9098910
678,2021.07.22,79700,1200,79000,79800,78900,12618790
679,2021.07.21,78500,-500,79000,79100,78500,12355296
680,2021.07.20,79000,0,78500,79000,78400,12456646
681,2021.07.19,79000,-800,79100,79200,78800,13155414
682,2021.07.16,79800,-800,80100,80100,79500,10859399
683,2021.07.15,80600,1100,79800,80600,79500,13766279
684,2021.07.14,79500,-300,79400,79600,79100,11575636
685,2021.07.13,79800,100,80000,80200,79800,9863450
686,2021.07.12,79700,300,79900,80000,79500,9768108
687,2021.07.09,79400,-500,79600,79800,79000,22720577
688,2021.07.08,79900,-900,81100,81200,79900,16660998
689,2021.07.07,80800,-400,81200,81300,80300,15992202
690,2021.07.06,81200,800,80600,81200,80500,12131651
691,2021.07.05,80400,400,80100,80800,80000,8330969
692,2021.07.02,80000,-100,80000,80400,79900,8753097
693,2021.07.01,80100,-600,80500,80600,80000,13382882
694,2021.06.30,80700,-300,81100,81400,80700,13288643
695,2021.06.29,81000,-900,81900,82100,80800,15744317
696,2021.06.28,81900,300,81700,82000,81600,11578529
697,2021.06.25,81600,400,81500,81900,81200,13481405
698,2021.06.24,81200,1100,80400,81400,80100,18771080
699,2021.06.23,80100,100,80500,80600,79900,13856548
700,2021.06.22,80000,100,80200,80300,79900,11773365
701,2021.06.21,79900,-600,79700,80000,79600,16063340
702,2021.06.18,80500,-400,81100,81100,80500,14916721
703,2021.06.17,80900,-900,81100,81300,80700,14007385
704,2021.06.16,81800,900,81500,81900,81100,14999855
705,2021.06.15,80900,400,80900,81200,80600,10075685
706,2021.06.14,80500,-500,80800,80900,80500,10550078
707,2021.06.11,81000,0,81200,81700,80700,14087962
708,2021.06.10,81000,-100,81300,81400,80900,17586995
709,2021.06.09,81100,-800,81500,82000,81100,14908823
710,2021.06.08,81900,0,82300,82600,81800,12781226
711,2021.06.07,81900,-300,82700,82800,81600,16496197
712,2021.06.04,82200,-600,82700,82700,81500,18112259
713,2021.06.03,82800,2000,81300,83000,81100,29546007
714,2021.06.02,80800,200,80400,81400,80300,16414644
715,2021.06.01,80600,100,80500,81300,80100,14058401
716,2021.05.31,80500,400,80300,80600,79600,13321324
717,2021.05.28,80100,500,79800,80400,79400,12360199
718,2021.05.27,79600,-200,80000,80000,79100,23198510
719,2021.05.26,79800,-100,80400,80500,79700,11984359
720,2021.05.25,79900,200,80000,80400,79800,13628942
721,2021.05.24,79700,-400,80100,80400,79500,13398666
722,2021.05.21,80100,600,80100,81500,79800,20961714
723,2021.05.20,79500,-100,79400,79700,79100,16541828
724,2021.05.18,79600,0,79600,80000,79100,17494407
725,2021.05.17,79600,-500,80800,80900,79200,17740855
726,2021.05.14,80100,1600,79000,80300,78900,16450920
727,2021.05.13,78500,-1500,78900,79600,78400,31490096
728,2021.05.12,80000,-1200,80800,81200,79800,35812268
729,2021.05.11,81200,-2000,82500,82600,81100,28996680
730,2021.05.10,83200,1300,82300,83500,81800,19385027
731,2021.05.07,81900,-400,81800,82100,81500,14154882
732,2021.05.06,82300,-300,81700,82300,81700,17047511
733,2021.05.04,82600,900,81900,82600,81800,12532550
734,2021.05.03,81700,200,81000,82400,81000,15710336
735,2021.04.30,81500,-200,81900,82100,81500,18673197
736,2021.04.29,81700,-400,82400,82500,81500,20000973
737,2021.04.28,82100,-800,83200,83200,82100,15596759
738,2021.04.27,82900,-600,83200,83300,82500,12941533
739,2021.04.26,83500,700,82900,83500,82600,15489938
740,2021.04.23,82800,400,81900,82900,81600,17805080
741,2021.04.22,82400,-200,82900,83000,82400,13934746
742,2021.04.21,82600,-1300,83300,83500,82500,21636079
743,2021.04.20,83900,600,83300,84000,83100,15521965
744,2021.04.19,83300,-600,83800,84000,83300,15287311
745,2021.04.16,83900,-200,84700,84700,83600,15429522
746,2021.04.15,84100,100,83700,84500,83400,16377412
747,2021.04.14,84000,0,84000,84300,83400,13794652
748,2021.04.13,84000,800,83000,84500,82800,15238206
749,2021.04.12,83200,-400,84100,84100,83100,12915282
750,2021.04.09,83600,-1100,84700,84900,83400,18193707
751,2021.04.08,84700,-900,85700,85700,84100,19244259
752,2021.04.07,85600,-400,86100,86200,85400,17885538
753,2021.04.06,86000,600,86200,86200,85100,19042023
754,2021.04.05,85400,600,85800,86000,84800,16255990
755,2021.04.02,84800,1900,84000,85200,83900,22997538
756,2021.04.01,82900,1500,82500,83000,82000,18676461
757,2021.03.31,81400,-800,82400,82700,81400,17240518
758,2021.03.30,82200,600,81600,82300,81300,13121698
759,2021.03.29,81600,100,81700,81700,81000,14952134
760,2021.03.26,81500,300,81400,81600,81000,12845778
761,2021.03.25,81200,200,81000,82100,80800,14758826
762,2021.03.24,81000,-800,81000,81600,80700,17926638
763,2021.03.23,81800,-200,82600,82900,81800,13299907
764,2021.03.22,82000,100,82000,82300,81700,12670506
765,2021.03.19,81900,-1000,82100,82500,81800,15869700
766,2021.03.18,82900,600,82800,83800,82600,18585244
767,2021.03.17,82300,-500,82800,82900,82000,11625146
768,2021.03.16,82800,1000,82200,83000,82100,12293537
769,2021.03.15,81800,-1000,82800,82900,81800,13735798
770,2021.03.12,82800,800,83100,83500,82400,13530573
771,2021.03.11,82000,1100,81000,82500,81000,23818297
772,2021.03.10,80900,-500,82400,82500,80700,20038422
773,2021.03.09,81400,-600,81400,81900,80600,25420764
774,2021.03.08,82000,-100,82900,83000,81600,17641256
775,2021.03.05,82100,-300,81100,82600,81100,20508971
776,2021.03.04,82400,-1600,82600,83200,82200,24348331
777,2021.03.03,84000,400,83500,84000,82800,19882132
778,2021.03.02,83600,1100,85100,85300,83000,33498180
779,2021.02.26,82500,-2800,82800,83400,82000,38520800
780,2021.02.25,85300,3300,84000,85400,83000,34155986
781,2021.02.24,82000,0,81800,83600,81300,26807651
782,2021.02.23,82000,-200,81200,82900,81100,20587314
783,2021.02.22,82200,-400,83800,84200,82200,25419886
784,2021.02.19,82600,500,82300,82800,81000,25880879
785,2021.02.18,82100,-1100,83200,83600,82100,21327683
786,2021.02.17,83200,-1700,83900,84200,83000,18307735
787,2021.02.16,84900,700,84500,86000,84200,20483100
788,2021.02.15,84200,2600,83800,84500,83300,23529706
789,2021.02.10,81600,-1100,82600,82600,81600,23025766
790,2021.02.09,82700,-300,84000,84800,82700,20898332
791,2021.02.08,83000,-500,83800,84200,83000,15338765
792,2021.02.05,83500,1000,83100,84000,82500,18036835
793,2021.02.04,82500,-2100,83500,83800,82100,24171688
794,2021.02.03,84600,200,84800,85400,83400,22112205
795,2021.02.02,84400,1400,84100,86400,83700,26302077
796,2021.02.01,83000,1000,81700,83400,81000,28046832
797,2021.01.29,82000,-1700,84500,85000,82000,39615978
798,2021.01.28,83700,-1900,83200,85600,83200,31859808
799,2021.01.27,85600,-1100,86600,87700,85600,26423070
800,2021.01.26,86700,-2700,88800,89200,86500,33178936
801,2021.01.25,89400,2600,87000,89900,86300,27258534
802,2021.01.22,86800,-1300,89000,89700,86800,30861661
803,2021.01.21,88100,900,87500,88600,86500,25318011
804,2021.01.20,87200,200,89000,89000,86500,25211127
805,2021.01.19,87000,2000,84500,88000,83600,39895044
806,2021.01.18,85000,-3000,86600,87300,84100,43227951
807,2021.01.15,88000,-1700,89800,91800,88000,33431809
808,2021.01.14,89700,0,88700,90000,88700,26393970
809,2021.01.13,89700,-900,89800,91200,89100,36068848
810,2021.01.12,90600,-400,90300,91400,87800,48682416
811,2021.01.11,91000,2200,90000,96800,89500,90306177
812,2021.01.08,88800,5900,83300,90000,83000,59013307
813,2021.01.07,82900,700,82800,84200,82700,32644642
814,2021.01.06,82200,-1700,83300,84500,82100,42089013
815,2021.01.05,83900,900,81600,83900,81600,35335669
816,2021.01.04,83000,2000,81000,84400,80200,38655276
817,2020.12.30,81000,2700,77400,81300,77300,29417421
818,2020.12.29,78300,-400,78800,78900,77300,30339449
819,2020.12.28,78700,900,79000,80100,78200,40085044
820,2020.12.24,77800,3900,74100,78800,74000,32502870
821,2020.12.23,73900,1600,72400,74000,72300,19411326
822,2020.12.22,72300,-700,72500,73200,72100,16304910
823,2020.12.21,73000,0,73100,73400,72000,20367355
824,2020.12.18,73000,-300,73300,73700,73000,17613029
825,2020.12.17,73300,-500,73400,73700,72600,24293214
826,2020.12.16,73800,0,74100,74500,73400,17512081
827,2020.12.15,73800,0,73800,74100,73300,20863671
828,2020.12.14,73800,400,73600,74500,73200,21510415
829,2020.12.11,73400,500,73500,73800,73100,18486672
830,2020.12.10,72900,-1000,72700,73800,72500,39882928
831,2020.12.09,73900,2200,72100,73900,72000,24077996
832,2020.12.08,71700,-1200,72200,72900,71600,25000338
833,2020.12.07,72900,1400,72400,73500,71900,28490496
834,2020.12.04,71500,1800,70400,72100,70100,28130533
835,2020.12.03,69700,200,70100,70500,69300,23677989
836,2020.12.02,69500,1700,68400,69900,68300,29703942
837,2020.12.01,67800,1100,67100,68300,67100,22327173
838,2020.11.30,66700,-1500,68400,68600,66700,43811016
839,2020.11.27,68200,200,68000,68400,67600,14063434
840,2020.11.26,68000,1400,66100,68000,66000,19023323
841,2020.11.25,66600,-1100,67900,68300,66500,32447065
842,2020.11.24,67700,200,67900,69500,67000,32158235
843,2020.11.23,67500,2800,64800,67800,64700,27134398
844,2020.11.20,64700,100,63900,65200,63900,15068682
845,2020.11.19,64600,-200,64100,64800,63900,16590290
846,2020.11.18,64800,-900,65700,66200,64700,22963790
847,2020.11.17,65700,-600,67000,67000,65600,30204089
848,2020.11.16,66300,3100,64000,66700,63900,36354334
849,2020.11.13,63200,2200,61300,63200,61000,31508829
850,2020.11.12,61000,-300,61000,61400,60700,19800573
851,2020.11.11,61300,1100,60700,61400,60400,25628510
852,2020.11.10,60200,0,60500,60500,59500,19073552
853,2020.11.09,60200,100,60700,60900,60100,15892961
854,2020.11.06,60100,-200,60700,60800,59600,16910230
855,2020.11.05,60300,1800,59000,60300,58800,20639475
856,2020.11.04,58500,-300,58900,59000,57800,21718561
857,2020.11.03,58800,1400,57900,58900,57600,14950919
858,2020.11.02,57400,800,56400,57500,56000,20489076
859,2020.10.30,56600,-1500,58000,58000,56600,26907844
860,2020.10.29,58100,-900,58200,58500,57500,22636966
861,2020.10.28,59000,-800,59400,59400,58800,14428882
862,2020.10.27,59800,-600,60300,60300,59500,17260416
863,2020.10.26,60400,200,60400,61100,60100,13268226
864,2020.10.23,60200,100,60400,60400,59800,9322232
865,2020.10.22,60100,-800,60300,60500,59800,14294095
866,2020.10.21,60900,0,61200,61500,60600,15703443
867,2020.10.20,60900,900,60300,60900,60100,19326115
868,2020.10.19,60000,500,59600,60200,59500,14474985
869,2020.10.16,59500,-500,60000,60400,59000,16554190
870,2020.10.15,60000,-900,60700,60800,59700,17756232
871,2020.10.14,60900,0,61000,61100,60500,16086716
872,2020.10.13,60900,500,61000,61400,60400,19247631
873,2020.10.12,60400,700,60000,60400,59900,16145837
874,2020.10.08,59700,-200,60500,60700,59500,24589924
875,2020.10.07,59900,900,58700,59900,58500,14861838
876,2020.10.06,59000,300,59400,59900,58700,14463826
877,2020.10.05,58700,500,57500,59200,57500,20228289
878,2020.09.29,58200,0,58300,59000,58200,15503563
879,2020.09.28,58200,300,58300,58800,57900,12614080
880,2020.09.25,57900,100,57700,58200,57700,11444683
881,2020.09.24,57800,-800,57700,58600,57600,17564020
882,2020.09.23,58600,400,58400,58800,57400,20111398
883,2020.09.22,58200,-1000,59100,59700,57800,20830381
884,2020.09.21,59200,-100,59100,60000,59000,15140387
885,2020.09.18,59300,-200,59800,59900,59100,18884571
886,2020.09.17,59500,-1500,60700,60800,59300,25108356
887,2020.09.16,61000,0,61100,61300,60600,17041444
888,2020.09.15,61000,600,60900,61000,60500,17877075
889,2020.09.14,60400,1400,60200,60800,59900,20648281
890,2020.09.11,59000,-200,59300,59400,58200,16017098
891,2020.09.10,59200,800,59900,60000,59100,29923293
892,2020.09.09,58400,-300,58200,59300,57800,30597399
893,2020.09.08,58700,2200,57400,58700,57200,31517520
894,2020.09.07,56500,900,56100,57300,55800,18685880
895,2020.09.04,55600,-800,55200,55800,55100,22139109
896,2020.09.03,56400,2000,55600,56700,55500,28384920
897,2020.09.02,54400,200,54600,55100,54100,16905723
898,2020.09.01,54200,200,54100,54800,54100,19363117
899,2020.08.31,54000,-1400,56000,56100,54000,32671367
900,2020.08.28,55400,-200,56100,56300,55400,14619888
901,2020.08.27,55600,-800,56300,56300,55600,16196568
902,2020.08.26,56400,0,56400,56500,55700,17651593
903,2020.08.25,56400,300,56400,56800,56100,14021705
904,2020.08.24,56100,200,55800,56600,55400,15055896
905,2020.08.21,55900,500,56200,56900,55800,21142288
906,2020.08.20,55400,-2400,57600,57600,55300,30386029
907,2020.08.19,57800,-600,59000,59200,57800,16930719
908,2020.08.18,58400,400,58900,59900,58000,25307825
909,2020.08.14,58000,-700,58000,58400,57700,15672548
910,2020.08.13,58700,-300,59400,59600,58000,22089460
911,2020.08.12,59000,800,58200,59000,57700,18573934
912,2020.08.11,58200,400,58000,59500,57800,24907912
913,2020.08.10,57800,300,57600,58300,57500,17774291
914,2020.08.07,57500,-500,57900,58400,57100,18751717
915,2020.08.06,58000,1100,57100,58400,57100,21625874
916,2020.08.05,56900,-400,57300,57500,56300,17739706
917,2020.08.04,57300,500,57200,58100,57000,19419694
918,2020.08.03,56800,-1100,57800,57900,56700,21158940
919,2020.07.31,57900,-1100,59500,59600,57700,21943345
920,2020.07.30,59000,0,59700,60100,59000,19285354
921,2020.07.29,59000,400,60300,60400,58600,36476611
922,2020.07.28,58600,3000,57000,58800,56400,48431566
923,2020.07.27,55600,1400,54300,55700,54300,21054421
924,2020.07.24,54200,100,54000,54400,53700,10994535
925,2020.07.23,54100,-600,54700,54700,53800,16214932
926,2020.07.22,54700,-600,55300,55500,54700,12885057
927,2020.07.21,55300,1100,55200,55400,54800,18297260
928,2020.07.20,54200,-200,54800,54800,54000,10507530
929,2020.07.17,54400,600,54200,54700,54100,10096174
930,2020.07.16,53800,-900,54800,54800,53800,16779127
931,2020.07.15,54700,900,54400,55000,54300,24051450
932,2020.07.14,53800,400,53700,53800,53200,14269484
933,2020.07.13,53400,700,53300,53800,53100,12240188
934,2020.07.10,52700,-100,53100,53200,52300,13714746
935,2020.07.09,52800,-200,53200,53600,52800,17054850
936,2020.07.08,53000,-400,53600,53900,52900,19664652
937,2020.07.07,53400,-1600,55800,55900,53400,30760032
938,2020.07.06,55000,1400,54000,55000,53800,19856623
939,2020.07.03,53600,700,53000,53600,52700,11887868
940,2020.07.02,52900,300,52100,52900,52100,14142583
941,2020.07.01,52600,-200,53400,53600,52400,16706143
942,2020.06.30,52800,400,53900,53900,52800,21157172
943,2020.06.29,52400,-900,52500,53200,52000,17776925
944,2020.06.26,53300,1400,52800,53900,52200,21575360
945,2020.06.25,51900,-1000,52100,53000,51900,18541624
946,2020.06.24,52900,1500,51900,53900,51600,24519552
947,2020.06.23,51400,-600,52500,52800,51100,18086152
948,2020.06.22,52000,-900,52000,52600,51800,13801350
949,2020.06.19,52900,600,52600,52900,51600,18157985
950,2020.06.18,52300,100,52200,52300,51600,15982926
951,2020.06.17,52200,100,52100,52900,51300,26672595
952,2020.06.16,52100,2200,51200,52100,50600,21808375
953,2020.06.15,49900,-2400,51400,52000,49900,28772921
954,2020.06.12,52300,-2000,52100,52800,51500,26976019
955,2020.06.11,54300,-1100,54500,55100,53200,33815123
956,2020.06.10,55400,-100,55100,55900,54900,16742493
957,2020.06.09,55500,600,55800,56500,54400,23998831
958,2020.06.08,54900,-600,56400,56500,54700,25634965
959,2020.06.05,55500,900,54400,55900,54000,22743629
960,2020.06.04,54600,100,55800,57000,54600,40220334
961,2020.06.03,54500,3100,51800,55000,51700,49257814
962,2020.06.02,51400,200,51000,51500,50800,14247933
963,2020.06.01,51200,500,50800,51200,50600,16949183
964,2020.05.29,50700,300,50000,50700,49700,27596961
965,2020.05.28,50400,500,51100,51200,49900,31309318
966,2020.05.27,49900,650,48950,50000,48800,19548479
967,2020.05.26,49250,400,48700,49450,48600,15127490
968,2020.05.25,48850,100,48750,48900,48450,14337913
969,2020.05.22,48750,-1200,49600,49800,48600,19706284
970,2020.05.21,49950,-50,50300,50400,49850,14949266
971,2020.05.20,50000,-300,50000,50200,49800,14896899
972,2020.05.19,50300,1500,50100,50500,49700,25168295
973,2020.05.18,48800,950,47950,49100,47600,20481981
974,2020.05.15,47850,-150,48400,48450,47700,18463118
975,2020.05.14,48000,-550,47750,48100,47650,19305974
976,2020.05.13,48550,650,47250,48550,47200,20223277
977,2020.05.12,47900,-500,48400,48500,47550,23433590
978,2020.05.11,48400,-400,48900,49250,48300,16357743
979,2020.05.08,48800,0,49100,49350,48800,15319700
980,2020.05.07,48800,-400,49200,49300,48700,13884411
981,2020.05.06,49200,700,49000,49200,48500,18070225
982,2020.05.04,48500,-1500,48900,49100,48500,26083749
983,2020.04.29,50000,-100,49900,50500,49600,15604533
984,2020.04.28,50100,250,49850,50100,49300,16095399
985,2020.04.27,49850,500,49350,50000,49100,14049471
986,2020.04.24,49350,-500,49650,49750,49000,15618347
987,2020.04.23,49850,0,50200,50300,49500,18754442
988,2020.04.22,49850,600,48700,50000,48350,18613864
989,2020.04.21,49250,-850,49400,49700,48700,27407543
990,2020.04.20,50100,-1300,51400,51400,50000,21866354
991,2020.04.17,51400,2400,50800,52000,50300,32041675
992,2020.04.16,49000,0,49350,49350,48550,23349760
993,2020.04.14,49000,700,48800,49200,48300,14206216
994,2020.04.13,48300,-950,48650,48900,48300,14431800
995,2020.04.10,49250,150,48950,49250,48650,17839111
996,2020.04.09,49100,500,49750,49800,48700,22628058
997,2020.04.08,48600,-1000,49600,49750,48600,25010314
998,2020.04.07,49600,900,49650,50200,49000,31524034
999,2020.04.06,48700,1700,47500,48800,47250,23395726
